1579,444,519,1381,1255,1432,988,1130,1432,974,72,908,1432,1382,410,624,948,519,1273,1130,534,667,1430,573,1432,1277,1580
1579,444,551,577,1130,947,1255,1472,900,1432,1116,1130,281,948,869,1429,1432,1116,1130,354,1580
1579,513,1281,1430,519,1197,938,1065,948,98,900,952,948,908,1432,1224,275,1141,401,241,444,551,577,1130,1197,947,1255,519,1096,577,1130,988,92,699,1432,837,791,1119,852,1432,1146,579,435,1155,519,1298,951,1067,1039,1456,1425,900,519,1116,948,792,505,1146,577,1536,698,585,980,92,791,1121,1580
1579,444,519,1004,1130,943,1255,519,1004,1130,1444,1120,1133,559,1430,573,617,308,552,314,916,1580
1579,513,1281,1430,519,1504,948,100,908,551,577,900,847,803,1168,1130,534,777,908,1432,578,585,980,1137,1130,1432,1168,948,1430,1506,489,1472,900,1432,860,1504,948,804,908,1432,579,1580
1579,444,519,1381,1255,1472,900,1432,837,319,667,908,1432,1379,546,565,585,1432,782,1130,1432,1381,1398,583,1537,96,1580
1579,444,519,1381,687,1230,519,1096,1379,1531,538,1432,534,667,573,1112,1299,642,519,8,1580
1579,444,1445,947,519,592,644,1255,1472,900,952,948,1199,1456,531,1478,1130,1432,946,1456,859,1432,1441,1580
1579,444,519,1103,938,1070,1255,1432,716,1130,1432,1127,1130,384,583,519,741,1327,847,810,389,1558,324,246,1016,473,1430,1047,214,642,292,1558,1432,1262,740,218,192,292,948,376,1534,750,217,642,292,1242,1432,1262,740,218,267,292,948,306,1580
1579,444,519,1381,1255,519,1379,1531,847,803,661,908,1432,1147,1437,573,1478,669,1580
1579,444,519,1101,577,1130,947,1255,519,1096,577,699,1432,777,852,1432,1146,577,1430,682,536,1432,976,353,908,1432,1146,579,505,1146,577,1536,698,585,980,1137,359,473,1430,952,948,1502,908,962,1456,722,551,577,1130,988,274,1580
1579,444,519,1381,758,176,565,908,1432,1042,1130,1432,1384,507,728,1043,1522,1281,1430,1432,1116,1130,667,1456,1432,984,552,1260,1130,1432,176,1064,733,642,585,1054,1138,506,1213,948,885,1429,952,1012,1580
1579,489,1472,900,1432,872,1130,469,1119,585,1432,1354,552,782,1130,1432,577,573,1432,1277,443,811,1537,1576,377,362,402,309,369,382,1432,790,573,1432,1275,847,1075,552,1077,552,826,847,1076,552,1079,518,1036,584,1430,1065,948,908,1432,1224,277,916,1580
1579,512,887,519,1018,1416,1177,505,113,1172,948,1432,724,893,1451,908,1432,1224,276,512,573,908,1470,900,1432,1176,948,1416,552,1432,893,948,609,384,1141,536,326,489,1472,900,1521,573,908,1471,1580
1579,467,552,1255,1432,860,1028,583,845,847,1442,1213,1432,1028,1036,1141,1036,1108,698,1432,46,552,63,968,449,631,967,573,1207,570,1433,319,1379,1507,1458,552,1366,1432,1251,1482,1432,966,49,1580
1579,444,519,1116,1070,722,552,1255,519,1096,1379,577,1130,988,1070,699,1432,1385,9,10,12,263,1446,1072,469,1036,605,271,908,1532,649,964,1255,519,988,268,579,474,498,1536,1024,1432,496,850,1130,1054,1480,505,1410,1456,1024,519,1096,1379,577,950,1096,501,226,548,442,430,1580
1579,444,319,1386,519,552,594,1255,1432,1116,1130,1432,1196,1531,1440,698,1432,1275,988,319,1394,493,171,552,169,1558,347,1316,1432,167,48,552,62,1395,565,908,1432,1275,1192,908,631,1387,1580
1579,489,1472,900,1432,577,702,1334,1445,919,534,1119,1000,265,357,369,377,264,1141,333,335,336,1580
1579,444,1354,552,782,1120,1255,519,1096,577,699,1432,1301,1130,942,852,1354,1489,1456,641,1108,912,784,1327,1361,552,786,1558,1576,377,387,392,403,505,782,1116,1536,605,869,1141,794,1456,1432,1354,1118,473,1430,519,990,577,948,1503,226,548,442,430,1580
1579,495,1537,319,938,581,519,552,594,1130,559,992,489,894,1027,1130,1432,580,887,280,583,1433,837,776,1580
1579,444,551,577,1130,947,1255,1472,900,1432,577,701,773,343,798,1141,343,1128,1507,538,1097,1456,770,1150,1580
1579,444,519,1004,1130,1386,1255,519,1004,1531,770,1379,886,7,532,585,956,785,1580
1579,444,1478,947,770,908,1432,1224,299,1255,1472,900,1437,948,519,740,1430,569,908,631,1120,1398,583,1432,319,908,305,552,334,224,756,769,1074,861,1432,984,740,1534,1432,192,131,1066,861,1432,1260,743,1580
1579,444,1478,1386,602,552,1238,1255,519,1513,1130,1432,602,1379,1531,538,935,1130,1432,1237,1379,887,608,1239,247,649,1296,518,1036,584,1430,1432,1237,1379,948,988,280,1141,1053,487,1139,1105,936,1327,1537,172,1243,166,982,162,1580
1579,444,519,1004,1130,1386,1255,519,1004,1531,770,1379,886,178,532,585,956,1354,552,785,1580
1579,489,1472,900,1432,860,1103,1116,948,519,1060,1130,343,1141,519,1060,1130,370,509,1432,192,131,1140,260,1293,454,1456,465,1580
1579,444,1478,1386,570,1434,1458,242,583,89,552,1255,1432,1252,448,900,1432,690,723,519,762,1436,1131,1137,1130,1432,668,1327,54,552,80,1558,55,1580
1579,444,519,1381,1255,1432,716,1130,1432,1116,1130,1453,1430,519,1392,988,319,569,908,1432,1379,552,546,583,1432,976,319,667,1130,1432,1381,1327,112,1558,280,253,1540,716,1432,782,1393,1580
1579,444,519,1004,1130,1386,1255,519,1004,1531,770,1379,948,1247,642,343,710,1130,1432,1379,689,1459,1580
1579,444,551,577,1130,947,1255,1432,1116,1130,397,908,1432,579,1580
1579,489,1472,900,1432,860,1379,701,551,566,1130,176,1531,1432,1555,948,1108,746,1204,642,519,1189,216,493,174,720,641,163,758,1111,1580
1579,444,319,580,1430,573,1432,1275,988,699,1386,684,1432,316,1379,908,1137,577,1456,1432,316,1379,908,1432,1148,578,1432,339,1456,1432,339,552,1327,1135,434,1432,1116,1130,1453,1430,1432,319,1385,573,1101,552,1354,1537,1432,1275,663,505,1385,1036,605,559,989,912,274,1580
1579,505,1116,374,948,519,1474,868,1118,444,1478,938,1509,519,552,594,1255,1472,900,773,1137,948,379,479,900,1433,1399,1141,734,948,379,474,1432,857,462,688,1432,526,1504,1130,519,1118,1580
1579,444,551,938,577,988,323,1255,1472,900,952,701,519,319,1141,519,348,1580
1579,444,519,1379,1430,701,519,1317,1168,1130,1175,687,1230,519,1096,1379,1022,1130,1139,1130,1432,1174,552,1433,703,1327,177,1558,6,1580
1579,444,551,577,1130,947,1255,1472,900,1437,948,519,280,908,1432,577,1537,519,319,1333,978,908,1432,579,1580
1579,444,519,1381,1255,519,1096,1379,1022,1130,343,710,1130,1432,837,319,667,1130,1432,1146,1382,505,1379,1036,605,559,992,449,1437,573,830,1429,319,668,1493,1529,948,1438,1580
1579,444,519,1381,900,1137,1141,631,1130,1432,837,319,667,948,208,1255,1432,1379,1539,1444,207,668,552,1152,1255,1432,1379,1481,506,948,519,1005,885,1429,952,1012,1580
1579,512,887,1478,1050,519,552,594,552,1432,1173,522,552,596,928,900,770,948,1326,512,573,908,1470,900,1440,573,631,1325,1141,900,1094,1130,1434,948,1326,489,1472,900,1521,573,908,1471,1580
1579,444,319,938,581,770,988,323,1255,519,1096,577,988,353,699,538,1433,778,1580
1579,444,519,1381,1255,519,1379,1531,803,566,1130,1432,1020,1541,117,886,608,1247,1537,116,1109,505,1541,117,1309,1108,605,906,1204,1141,843,642,519,997,260,1327,847,810,1432,117,908,157,758,1108,718,224,428,1426,900,519,661,948,519,998,1580
1579,444,519,1381,693,1432,1205,1379,1022,1130,1432,837,469,667,1130,1432,1382,438,1430,1205,1379,565,1333,779,908,1432,1384,418,1430,1432,1379,948,1108,780,552,1430,469,948,908,1432,1224,291,1580
1579,444,519,1004,1130,1103,943,1255,551,941,1004,1130,1432,1262,745,224,1493,193,1580
1579,444,519,1028,1130,846,967,552,1462,1509,1049,552,1255,1432,1028,583,845,900,1432,966,144,886,519,1505,1304,1430,583,1432,1504,847,1432,966,104,449,1432,966,149,886,519,1505,1304,1430,583,1432,1504,847,1432,966,153,1580
1579,444,551,577,1130,947,1255,1472,900,952,701,519,323,387,280,1187,519,1505,843,642,1432,1504,1193,369,843,642,1432,1504,1044,286,413,1432,338,720,798,900,1432,10,738,642,319,1141,995,852,1432,714,1506,1580
1579,444,551,577,1130,946,1130,798,989,1255,519,1096,577,988,319,699,1432,1042,1478,777,852,1432,1146,579,505,1146,577,1536,605,988,319,1141,1053,1580
1579,444,1478,1103,938,1509,1255,1472,900,1440,887,1432,1275,976,741,1398,583,1537,337,552,371,473,1430,1432,192,131,1140,688,1235,1327,313,192,292,948,388,1580
1579,444,519,1381,687,1230,1432,1116,1130,1453,1020,109,569,908,1432,1381,895,757,1108,716,109,1430,887,551,207,905,609,1435,1580
1579,489,1432,1399,1130,1478,378,731,1263,770,908,1432,1224,289,448,900,1099,948,1473,900,1432,1478,731,1310,1432,1275,1505,920,1137,732,1456,1432,1097,1505,1550,576,1456,280,900,956,1504,1518,379,1580
1579,444,319,1386,519,552,594,1255,519,1379,1130,1432,850,1307,1537,1432,1308,1379,1134,1432,1158,552,1432,1008,1379,1134,1432,933,505,1385,1536,1108,605,1432,1275,989,641,1440,1036,605,780,243,270,1580
1579,444,519,1381,1255,519,148,984,320,1513,1531,1432,837,319,667,573,1057,1456,1432,785,505,1379,988,1536,605,585,980,324,1580
1579,444,551,577,1130,947,1255,1432,1116,1130,1453,1430,1478,375,573,1097,1456,770,1148,908,1432,579,414,716,935,1531,1432,1290,15,948,530,519,388,1580
1579,489,551,577,1430,701,1432,805,1275,1119,583,1432,860,578,641,1226,1327,1430,538,1432,798,1119,682,609,538,1432,1128,1121,481,1429,1431,1432,1119,648,605,908,559,1144,518,1036,1049,552,1255,1432,860,578,1141,1024,519,1096,579,1580
1579,444,519,1381,1255,519,1379,1022,1130,1432,837,319,667,239,1206,895,910,837,661,1139,900,952,948,205,552,910,1432,1290,1139,900,952,948,212,1327,140,1558,139,1580
1579,489,551,577,1430,701,1432,805,1275,1119,583,1432,860,578,641,1226,1327,1430,538,1432,1566,573,875,585,1432,1354,1130,1432,579,505,1142,1130,1432,1106,1119,758,1108,1035,493,1573,271,271,317,607,1571,259,285,318,518,1036,1049,552,1255,1432,860,577,1141,1024,519,1096,579,1580
1579,489,519,1513,1130,1432,860,1381,1531,847,803,1352,215,908,1432,1379,1432,1352,552,1432,667,906,1456,956,984,552,1260,573,867,493,51,1558,57,552,50,546,1558,58,1580
1579,444,551,577,1130,946,1130,1128,989,1255,519,1096,577,988,343,699,1432,777,852,1432,1042,1130,1432,579,505,577,988,1536,605,585,980,348,1580
1579,444,551,938,1070,1255,1472,900,952,948,1538,292,1130,300,1141,327,474,462,688,1432,526,1504,1130,519,1118,1580
1579,444,551,577,1130,947,1522,1281,1430,519,1467,948,519,1504,568,343,1453,908,519,1269,908,1432,579,489,1472,900,1432,577,758,1108,698,559,1469,1580
1579,444,319,1386,1255,1433,691,812,1131,1432,837,661,1130,771,505,1385,1536,605,585,980,988,286,1580
1579,444,551,577,1130,946,1130,1128,989,1010,585,1432,838,977,552,1042,1507,908,1432,577,552,1255,1432,975,505,577,988,1536,605,519,980,286,1580
1579,513,1281,1430,519,280,906,843,642,519,343,908,551,577,948,551,159,286,489,1472,900,1432,860,577,701,551,1485,280,908,1432,837,319,1141,976,319,1196,908,1432,579,1580
1579,444,551,577,1130,1386,1255,519,1096,577,1539,1432,1385,1430,573,794,1456,1432,1417,1382,478,572,948,1456,716,1432,1127,1130,1432,1417,1381,1024,519,1096,577,1130,1432,714,989,552,1436,711,1160,1432,714,1387,1580
1579,458,847,1188,1000,189,552,188,908,1432,1379,260,991,1362,1537,211,552,789,1537,206,489,519,1379,1531,847,538,1398,1545,1432,1042,997,948,866,1327,190,1558,191,1580
1579,444,519,1379,552,519,1101,1392,1390,687,1230,1432,974,1392,1532,1363,552,790,1537,1389,552,1255,956,992,1580
1579,444,1080,722,551,577,988,1069,1537,1432,844,1186,1312,892,847,1078,404,1572,271,285,271,323,285,347,323,317,250,532,1456,1310,1432,343,878,1580
1579,444,551,577,1130,947,1255,1472,900,952,701,1098,281,1141,952,701,1098,356,1580
1579,444,519,1379,1130,1128,989,1255,1432,1379,988,343,852,956,1043,1327,29,1558,60,505,1379,988,1536,605,585,980,348,1580
1579,444,519,1116,1070,722,552,1255,519,1096,938,577,1130,988,1070,699,1432,1119,271,285,323,264,1072,505,860,1065,1036,605,271,908,1532,649,964,1255,519,988,268,579,518,757,1108,1087,519,1298,901,847,1432,990,652,1432,848,1309,1085,815,268,1453,908,1430,650,1327,952,964,1548,505,1410,1456,1024,519,1096,938,577,950,1096,940,226,548,442,430,1580
1579,444,1445,947,519,592,644,1255,1472,900,1440,573,908,1378,919,1143,1398,583,319,365,303,1141,365,374,387,641,1108,374,365,384,1141,365,365,388,448,1537,1432,813,1430,900,99,948,1473,796,948,540,1398,583,365,365,384,1141,365,365,370,1580
1579,505,119,577,948,551,577,699,1432,714,557,1456,551,809,1000,1569,47,64,65,1432,61,577,701,519,1388,558,1537,21,1249,519,1223,984,623,505,1478,580,573,1108,780,552,573,1432,1275,992,489,1432,1282,847,1442,577,1130,558,862,258,847,770,714,555,261,847,770,917,555,552,257,847,770,622,556,1580
1579,489,519,1513,1130,1432,860,577,1531,770,1563,1504,908,1432,577,948,1247,642,1432,974,1128,1504,1456,1432,1260,1130,1432,1563,908,1432,579,449,1437,948,1098,1128,1504,1456,1432,1260,1130,1432,1564,981,1432,1563,583,519,1565,1580
1579,444,1080,722,551,577,1537,1432,1185,1573,285,323,285,323,347,264,285,323,343,263,1125,250,532,1456,1310,1432,876,473,1430,1432,988,1130,1432,577,1536,605,280,256,319,256,343,264,256,1070,1532,948,969,1456,1399,1456,807,1068,256,283,1580
1579,489,1472,900,1432,1379,80,552,95,565,1432,1275,1116,1130,1453,908,1432,860,1382,1580
1579,495,1537,319,938,581,519,552,594,770,988,324,433,1432,1399,1130,1432,1507,908,770,579,489,1432,577,1532,886,1432,974,1401,451,802,1130,519,1449,1255,521,1580
1579,444,519,1381,1255,1472,900,67,569,1362,585,922,268,1141,280,908,1432,1381,1398,583,1537,68,1141,164,641,1108,170,505,1379,1036,605,559,989,912,274,474,1493,266,1456,684,319,1387,1580
1579,444,519,1381,1255,519,1096,1379,1531,1432,837,552,976,667,887,608,814,1580
1579,444,551,577,1130,947,1255,1432,1399,1130,1432,837,319,777,908,1432,579,449,1432,577,988,948,995,1429,323,964,1399,1489,1432,777,1430,817,1256,268,900,1432,577,948,988,274,1580
1579,444,551,577,1130,1283,1336,908,919,1143,1255,1472,900,1432,577,701,343,534,1283,1430,733,852,770,1148,642,585,1054,323,1398,583,1537,1575,357,372,1141,1575,369,373,1580
1579,227,948,519,1320,885,1513,1130,1432,840,1216,489,551,577,1430,701,807,1432,1275,1119,583,1432,860,578,641,1226,1327,1430,803,353,948,906,843,642,519,370,437,1108,1055,1432,355,641,803,1148,1116,1036,1056,505,577,701,1432,1275,1116,1130,354,552,367,552,803,353,886,519,1116,536,952,1430,948,1108,519,359,451,1442,1514,366,1036,565,563,908,1432,1146,579,1580
1579,444,319,938,1509,1255,1472,900,1440,573,631,908,1432,1224,349,915,1141,1440,573,631,908,1432,1224,361,916,1580
1579,444,1445,947,519,592,644,1137,1130,1434,948,1322,1137,948,1038,552,1137,948,970,489,1472,900,1432,1445,1507,573,799,1339,1327,1432,734,617,1321,552,1038,948,1432,1275,583,1432,734,617,1038,552,970,1580
1579,444,519,1379,552,519,1101,1541,1381,1255,519,1379,1022,1130,770,661,964,609,552,964,536,803,566,1130,1432,1541,908,1432,1382,450,653,1531,1437,948,1098,661,609,1141,536,1432,1542,552,519,661,1036,605,911,1475,900,952,948,617,1478,1546,1580
1579,512,887,551,577,1130,890,1249,1432,549,542,519,1517,1465,444,1358,927,945,1432,578,1255,1432,1399,1130,1432,660,847,519,1516,612,585,1432,1354,922,552,789,585,1432,782,926,443,811,1537,1432,889,1576,347,377,387,341,552,1360,787,1558,519,1399,1130,280,256,365,408,379,505,1354,782,782,922,1536,631,605,1502,927,945,1432,577,1537,1354,406,785,1580
1579,518,887,519,629,1017,1448,1537,946,520,594,552,643,1134,954,506,1025,1445,1171,1532,1522,645,524,604,552,528,433,1432,1399,1130,1432,1119,908,770,1169,449,559,1168,1403,1456,807,295,1432,1251,948,296,482,900,1432,523,1399,948,807,292,1051,1429,773,603,1141,527,1404,1432,1251,948,370,482,1432,1251,948,274,1580
1579,444,551,577,1130,1386,1255,519,460,424,1531,770,736,1379,948,519,966,552,956,1504,948,1472,900,1430,1379,569,319,1141,1051,1453,908,1432,579,1580
1579,444,551,577,1130,947,1255,519,1096,577,988,319,699,1432,837,552,976,777,852,1432,1146,579,505,1146,577,1536,605,988,280,1141,1053,1580
1579,489,1472,900,1432,860,1379,701,617,280,552,343,202,669,1580
1579,489,1472,900,1432,860,1379,614,1537,130,812,1432,204,648,605,561,1327,143,16,263,538,718,1580
1579,489,519,1513,1130,1432,860,577,1531,538,1432,293,887,608,1241,505,1236,777,1309,1305,984,1464,1432,1354,1130,1432,577,583,1089,552,1432,780,1340,519,1432,782,1130,1432,577,1309,605,274,493,1573,295,295,341,1558,1573,323,271,279,518,1036,1049,552,1255,1432,860,577,1141,1024,519,1096,579,1580
1579,444,519,1379,552,519,1103,938,1070,1522,1281,1430,1432,853,1130,1432,1379,948,1432,837,343,668,1141,1529,948,1437,900,1432,1379,948,995,1429,988,348,489,1065,710,1130,1432,856,1580
1579,444,519,1004,1130,943,1255,519,1004,1531,770,941,948,532,1456,280,552,1432,1251,948,1063,642,296,1580
1579,489,1432,1399,1130,1432,1119,908,1432,578,812,902,1292,1130,1119,1362,1537,519,374,552,820,1456,1432,1097,384,237,374,1536,605,843,642,585,980,1137,386,489,268,847,1098,1121,1580
1579,513,1281,1430,551,774,908,551,577,948,59,900,1437,573,1507,609,552,536,953,552,1444,1507,573,736,852,954,489,519,1513,1130,1432,860,577,1531,803,934,1130,1432,860,1504,1532,948,541,948,1247,642,1533,1504,1456,956,984,1141,1260,948,973,1580
1579,444,551,577,1130,947,1255,1472,900,1432,577,948,988,280,1141,1052,552,1432,837,774,552,1432,976,774,573,795,1580
1579,444,551,938,1070,1255,1432,526,734,617,1065,552,330,812,1255,760,1432,526,734,900,1065,948,1160,331,1580
1579,444,519,1381,1255,519,148,1260,320,1513,1531,1432,976,319,667,573,1057,1456,1432,1356,505,1379,988,1536,605,585,980,324,1580
1579,444,519,1381,1255,1472,900,1432,1379,1363,1537,109,552,826,1153,1580
1579,444,519,1379,552,551,938,1070,1255,519,1379,1022,1130,1065,1246,1130,1432,976,1065,665,1130,1432,1382,518,1036,584,1430,1065,948,617,268,552,1432,988,1130,1432,1381,916,1580
1579,444,551,577,1130,947,1255,1472,900,374,569,583,773,1432,837,1141,976,774,908,1432,579,505,577,1536,605,988,280,1141,1053,1580
1579,444,519,1381,900,1432,1379,94,569,1362,585,922,285,1255,519,1379,1531,1430,94,886,608,730,483,1255,1432,1379,1481,1580
1579,444,602,552,1065,1430,573,631,280,1141,1052,687,1230,246,1015,1432,1504,1130,602,1456,1432,1065,1201,1327,1202,322,948,396,219,1349,1580
1579,489,1432,1116,1130,798,946,908,1432,860,579,474,1432,192,131,1140,688,1432,1234,769,365,192,319,948,286,1580
1579,444,519,1381,1255,1432,1379,1022,1130,956,837,1478,668,1327,1432,496,36,1558,34,449,1432,1379,948,1308,1429,988,323,1255,1529,1437,949,1327,43,1558,44,552,1432,780,1379,2,1558,1432,780,1379,3,473,1430,1369,1257,1432,988,1130,519,1382,1580
1579,444,519,1381,1255,1432,1399,1130,1432,744,273,1430,565,908,1432,1381,903,538,1148,666,489,268,900,1437,573,1098,744,908,1432,1382,224,427,1426,900,519,661,948,1137,1130,1432,667,195,196,263,197,452,709,519,1379,1456,551,939,1580
1579,433,1432,986,552,1259,567,1130,1330,1504,908,551,579,513,1281,1430,1432,150,948,1432,1116,1130,777,617,1432,1478,916,410,1317,1504,886,519,1341,1130,286,490,1432,974,1341,851,908,1432,860,579,222,948,1108,519,1212,1580
1579,467,552,1255,1432,860,1028,583,845,900,1432,967,46,552,63,887,1507,1430,887,736,994,1436,1304,77,1456,887,1432,1008,1506,449,1432,1507,816,552,887,1432,1275,989,658,1434,631,1456,1432,780,1379,908,1432,1030,1580
1579,444,519,1004,1130,1386,1255,519,1004,1531,770,1379,886,538,956,161,1241,1580
1579,444,519,1381,687,1230,246,1015,1432,1116,1130,1453,1020,109,569,908,1432,1382,1580
1579,444,519,1004,1130,1103,943,1255,519,1004,1130,1444,1119,812,1133,559,1430,782,1537,399,224,192,642,294,1580
1579,444,343,938,1509,519,592,644,1255,1433,1401,448,900,1137,1130,1432,1507,948,1432,1275,583,553,1130,1432,1509,952,758,1108,716,1464,1432,1401,1580
1579,444,551,577,1130,947,1255,1472,900,1432,1504,343,569,908,1432,577,807,343,1454,552,1098,344,573,1097,1456,770,1150,1580
1579,444,519,1004,1130,1103,943,1255,519,1004,1130,1444,1119,1063,642,323,1133,559,1130,1432,1253,1119,1430,782,908,324,1580
1579,444,519,1379,1130,798,989,1255,1432,837,882,493,1432,1379,42,1558,41,1580
1579,504,1432,1379,180,948,1487,444,519,1381,1255,519,1513,1531,538,1432,180,573,1240,641,1432,46,648,605,559,663,505,180,1385,1536,1108,1164,1580
1579,444,519,1381,900,519,988,319,1392,569,585,631,956,612,552,784,1255,519,1379,1539,1432,1392,585,1432,613,1327,37,1558,125,505,1392,1036,1162,1537,958,1327,38,1558,3,483,1255,1432,1146,1379,1481,1580
1579,444,551,938,578,1255,519,1096,577,1537,760,1432,988,1531,956,976,774,948,1432,1275,583,1432,1146,578,552,538,1432,1148,777,573,274,505,1146,577,1536,605,988,280,1141,1053,474,642,727,519,1096,938,577,701,538,269,1580
1579,512,887,725,847,1478,1496,410,552,420,770,1537,519,496,1081,552,551,938,898,505,864,948,1456,1142,1432,1495,1398,583,847,1337,489,261,900,410,683,609,420,280,900,410,683,536,420,552,268,900,1440,573,1432,1277,480,837,642,1432,1379,1084,552,1436,642,1432,897,1119,900,1432,1083,573,1432,1277,474,1537,502,1375,1257,551,938,1504,1532,948,1093,1456,928,894,1374,948,1145,1456,1376,252,1504,948,1108,1003,1456,262,225,1432,412,1437,1549,605,1478,510,1126,641,892,1432,680,1315,1414,1432,1478,1385,552,1478,946,747,505,680,1006,948,1432,1278,1580
1579,444,319,938,1507,869,1429,271,1255,1533,1504,948,1086,1456,329,1539,865,1161,489,268,900,1440,631,863,1161,1580
1579,444,1478,938,1509,1255,1433,1401,508,1432,1478,1507,573,1432,1276,1436,1255,760,1433,1401,1580
1579,444,551,577,1130,1284,1255,1472,900,1437,573,1283,1130,300,1097,1456,770,1148,908,1432,579,505,577,988,1536,605,585,980,324,1580
1579,489,1472,900,1432,860,1103,1116,948,519,1060,1130,343,1141,369,641,1108,633,509,1432,192,131,1140,260,1293,454,1456,465,1580
1579,444,519,1381,1255,519,1513,1539,1432,837,319,669,441,965,1432,837,661,900,952,948,199,552,965,1432,1290,661,900,952,948,200,505,1379,1036,605,559,992,446,1429,952,1012,1580
1579,444,1478,580,1130,946,1336,908,919,1143,1156,552,931,1255,1472,900,538,1130,1432,1119,908,930,565,908,1157,505,616,1328,1025,1139,519,1317,124,1183,1130,631,581,1415,535,1130,1432,824,1430,631,580,573,545,908,1336,1144,1580
1579,444,551,577,1130,947,1255,1472,900,1432,577,701,1478,385,1097,1456,770,1149,1141,1437,573,1478,385,1299,642,1137,775,1398,583,1537,1578,285,390,1580
1579,489,1432,1116,1130,1453,1430,1432,1379,86,569,563,908,1432,860,1381,812,1522,529,559,997,847,1432,201,1327,91,552,90,718,1580
1579,444,519,1381,687,1230,519,1096,1379,1531,538,1432,1020,207,667,887,608,1057,1456,1432,782,1130,1432,1382,1580
1579,444,319,947,519,552,594,1255,1472,900,1137,900,1434,948,292,1141,900,1433,1399,948,296,1580
1579,444,551,577,1130,1386,1255,1432,716,1130,1432,1116,1130,1385,1537,1432,860,992,1580
1579,444,319,1197,938,1509,1255,1432,971,1504,1430,948,908,1432,1224,298,915,1141,1255,268,900,1094,948,908,1430,1225,1580
1579,444,519,1381,1255,519,1513,1539,1432,837,552,976,662,1327,36,1558,97,505,1379,988,1536,605,585,980,324,1580
1579,489,1472,900,1432,860,1103,1116,948,280,1141,319,995,1429,519,1060,1130,326,493,847,810,350,552,351,1255,1473,641,360,1257,828,492,548,454,1456,465,1580
1579,505,831,1301,948,519,829,621,1130,1034,552,952,883,1456,887,519,1229,729,505,837,1478,1507,908,1432,1301,573,268,552,280,236,319,602,654,439,1391,1504,948,1432,1399,1130,1432,1210,1478,1509,1327,1432,1535,1301,950,271,285,285,323,347,369,392,309,329,552,1327,1135,436,519,1229,832,1039,1430,1257,1432,1113,831,1117,1537,1075,1249,1432,1354,1130,1432,1302,1580
1579,444,1065,1130,280,1141,1052,1255,1432,825,1130,1070,1532,948,1065,255,244,255,245,264,286,432,1432,1251,1230,254,1016,1580
1579,444,551,577,1130,947,948,952,1199,1456,672,519,872,1130,1330,1130,1432,947,1398,1430,1432,872,1403,1456,1432,860,1418,1537,1442,533,696,900,1437,573,1119,908,1432,577,1430,573,534,552,1432,899,1505,1440,1064,773,538,605,674,1141,1107,1130,1434,675,443,811,1537,1432,577,1573,323,323,323,369,342,773,538,1445,321,908,1432,1042,1064,605,673,1141,1110,538,583,519,874,248,1013,648,605,1494,1456,835,1432,821,1130,1432,899,1508,1580
1579,444,1478,938,1509,1255,1533,1504,948,973,447,900,1432,1478,1507,887,1432,1275,1233,1530,751,642,369,1436,1432,1255,1432,1323,1506,448,908,538,655,900,1432,1478,1507,573,1432,1276,1255,274,474,1432,192,131,1140,688,1432,1234,769,384,192,365,948,324,1580
1579,444,519,1381,1522,1281,1430,1432,853,948,1432,837,343,667,1130,1432,1382,449,1432,1379,988,948,995,1429,347,1432,853,948,1529,948,1438,489,519,1096,1379,1532,948,343,710,1130,1432,855,1580
1579,444,519,1103,1116,136,1255,1472,900,1114,948,1538,319,1130,519,1060,1130,296,474,228,192,593,948,1432,1233,1130,753,519,642,594,1327,220,192,368,948,324,492,548,454,1456,465,1580
1579,444,551,577,1130,1284,1255,1472,900,770,1282,948,794,1141,869,1429,1432,1137,610,505,577,1536,605,988,319,1141,1053,1580
1579,444,551,577,1130,1386,1255,519,460,453,699,519,966,847,803,736,1379,908,1432,578,552,1432,1504,948,1430,1380,992,1580
1579,434,1230,1432,1463,1116,1130,54,552,53,1395,1430,565,908,1432,860,1382,1580
1579,444,519,1381,1255,519,1513,1531,538,1432,161,887,608,1241,441,551,161,585,1432,1515,1354,1141,782,1309,1108,605,1241,1580
1579,444,519,1379,1367,900,1432,1379,1363,1537,101,1255,32,449,1432,1379,790,1537,63,1255,26,449,631,1432,101,552,63,692,573,1473,1255,33,451,538,1148,655,1255,1432,1379,1481,226,548,442,430,1580
1579,444,551,577,1130,1386,1255,519,1096,577,699,1432,837,469,1387,469,1536,605,908,1432,1224,290,1580
1579,444,551,577,1130,1197,947,1255,519,1096,577,1130,988,92,699,1432,837,798,1119,852,1432,1146,579,505,1146,577,1536,698,585,980,92,798,1121,1580
1579,444,551,577,1130,1284,687,1432,938,587,1130,1432,837,880,552,1432,1290,881,552,1255,1533,948,973,513,1281,1430,1432,1290,880,614,585,922,993,505,577,988,1536,605,585,980,324,507,1203,726,1551,519,1298,891,1039,938,588,1284,938,1355,938,783,1567,1532,688,1432,587,1130,1432,777,617,927,1357,426,1561,891,1039,1475,1456,907,1287,516,1561,891,1039,536,1561,1286,1039,908,1432,456,1427,574,472,1560,1549,687,590,1537,764,641,892,1521,1493,946,1327,1432,819,1254,573,806,1580
1579,444,1478,1386,570,1434,1458,242,583,89,552,1255,1432,1252,448,900,1432,1385,573,736,994,1131,667,852,1432,1008,1379,1327,952,948,1432,1275,988,583,1432,1308,1382,493,36,552,38,1557,126,505,1385,1036,605,559,992,1580
1579,444,519,1004,1130,943,1255,519,1004,1130,1444,1119,1348,552,1432,1220,532,1456,295,1133,559,1130,1432,1253,1119,1430,782,908,365,1141,379,1580
1579,444,1445,947,519,592,644,1255,1472,900,592,948,869,1429,520,552,643,948,869,1429,595,448,1537,1432,813,1430,900,66,948,1473,592,758,1108,1087,1456,605,869,1429,521,1580
1579,444,551,577,1130,947,1406,1432,837,552,976,777,908,1432,579,489,1432,1048,579,505,577,988,1536,605,585,980,286,1580
1579,444,551,577,1130,947,948,952,1199,1456,750,1432,946,945,1478,879,1327,1430,1432,1403,1130,1432,1478,877,573,1432,1277,440,938,1064,605,908,1137,872,1141,1432,1150,516,519,1229,891,1039,1430,1414,1529,575,1560,1001,552,1024,1432,929,645,1456,1561,1229,891,852,1346,223,1014,1090,1580
1579,513,1281,1430,519,1020,203,908,519,1379,948,105,900,1437,948,553,203,906,1456,956,984,1141,1261,489,1472,900,538,1432,858,908,1432,860,1379,573,884,1580
1579,490,1472,900,847,803,194,251,908,1432,1381,900,1437,573,667,631,906,609,552,536,1432,1353,1440,573,1432,1277,1580
1579,444,551,577,1130,947,1255,1472,900,1432,577,701,519,319,1097,1456,519,319,1335,1580
1579,444,551,938,577,1130,559,989,1255,519,1096,577,1130,956,837,319,778,449,1432,577,948,1323,1429,988,323,1493,1529,777,573,1208,1580
1579,444,519,1381,1255,1472,900,1432,837,934,1130,161,908,1432,1379,948,906,843,642,553,162,1580
1579,444,551,577,1130,946,988,347,1255,551,577,1537,1432,777,148,985,1327,1573,323,352,1558,1574,347,318,1580
1579,444,551,938,578,1255,1472,900,1432,577,701,319,1476,1141,343,1477,505,577,1536,605,988,271,285,1141,324,1580
1579,444,551,938,577,988,347,900,1437,948,519,319,908,1432,577,906,843,642,519,347,1304,1432,343,774,1456,274,489,1432,659,579,1580
1579,444,519,1197,938,1070,1255,1472,900,952,701,519,280,742,474,1493,192,1456,859,1432,1262,741,552,267,1456,749,1432,1262,742,1580
1579,513,1281,1430,519,1197,938,752,957,900,803,740,908,1432,1116,752,945,1432,1116,801,493,847,810,307,752,957,1316,285,323,552,391,538,750,945,307,801,513,1281,1430,268,758,1108,750,945,560,800,1327,1098,1116,1537,519,268,740,752,959,474,1493,192,1456,859,1432,1262,741,552,267,1456,749,1432,1262,742,1580
1579,444,519,1004,1130,1386,1255,519,1004,1531,770,1379,948,708,1456,1019,649,224,496,1457,1040,1580
1579,495,1537,1478,580,1130,1386,410,552,420,770,1537,956,777,908,544,1142,552,1539,768,489,519,1096,577,699,1432,837,469,777,852,1432,1478,582,505,1251,577,1309,605,908,544,1142,552,1539,768,410,552,419,1536,631,887,519,988,1532,948,469,1141,1053,505,616,124,1328,1025,519,1317,1183,1160,410,552,420,1415,535,1130,1432,824,1430,1440,573,908,544,1143,713,777,746,1456,1432,1096,579,1580
1579,444,519,1379,552,519,1101,1392,1390,687,1230,900,585,980,1065,710,1130,1389,565,908,1432,1379,1334,1200,1537,1167,469,1536,605,1104,1580
1579,444,519,1381,900,1432,1379,614,1537,146,1141,73,1255,1430,681,1381,1152,1255,1432,780,1382,1580
1579,444,519,1101,1379,1000,30,1255,519,1379,1000,28,1580
1579,444,551,577,1130,1386,1255,519,460,453,699,519,966,847,803,736,1379,908,1432,578,550,1537,1432,1504,274,443,810,1432,1379,107,1025,1432,1168,108,513,757,1051,685,719,979,641,847,1442,1213,1432,1504,948,1315,274,1580
1579,444,519,1381,900,1432,837,1141,976,667,573,208,1255,1432,1379,1539,1444,207,668,552,1152,1255,1432,1379,1481,1580
1579,444,519,1381,1255,519,1379,988,319,1022,1130,956,837,319,669,449,1432,1379,988,948,995,1429,323,1493,198,847,1432,1046,669,1580
1579,444,551,577,1130,946,988,347,1255,1432,1399,1130,538,1432,778,1580
1579,444,519,1381,1255,519,1096,1379,1022,1130,343,710,1130,1432,976,319,667,1130,1432,1146,1382,505,1379,988,1536,605,585,980,324,1580
1579,444,551,577,988,280,1141,1051,1130,947,1255,1432,734,617,1432,974,552,1324,1507,908,1432,579,474,1432,639,464,1499,552,463,1499,1041,1255,1432,1323,1141,971,1130,1478,1510,1580
1579,467,552,1255,1432,860,1028,583,845,900,1432,966,46,886,519,1505,1304,1432,966,63,1456,887,1430,1275,1506,451,538,653,1237,1432,966,78,983,1432,1250,1130,1432,1028,1481,1580
1579,444,519,1381,1255,1230,519,83,1379,1531,534,667,1430,573,1432,1275,887,608,1232,1456,519,1317,663,493,185,1558,186,1580
1579,489,551,938,577,988,343,699,1432,837,343,744,1130,1190,1575,285,364,1580
1579,444,519,1004,1130,943,1255,519,1004,1130,1432,943,1133,559,1430,573,995,1429,274,1580
1579,444,580,1122,552,1124,1130,1432,1275,989,847,803,774,908,1123,693,1432,715,774,908,1124,230,1432,1275,923,489,1432,716,1130,1432,1116,1130,1453,1430,1432,1478,777,733,642,319,1141,996,641,573,1108,795,1580
1579,444,551,577,1130,946,988,347,1255,519,1096,577,1537,1432,777,908,1258,1143,1327,1573,323,352,607,1575,323,318,1580
1579,444,1478,581,410,552,420,1130,1103,938,1285,410,151,1282,948,1137,1532,948,519,1060,1130,295,1398,583,360,1141,400,489,1432,1399,1130,974,1342,1282,908,410,552,1432,974,1342,1282,908,421,507,1203,726,1551,519,1298,891,1039,1532,836,1432,974,1342,1282,908,551,579,516,1561,891,1039,536,1561,1288,1039,908,1432,456,1427,574,1580
1579,444,1445,938,1509,519,592,644,1255,1432,975,1580
1579,495,1537,1478,580,1130,1386,519,552,594,770,908,544,1143,1200,1537,768,489,1432,716,1130,1432,1116,1130,1385,1532,565,908,631,582,505,616,124,1328,1025,519,1317,1183,1160,631,581,1415,535,1130,1432,824,1430,1440,573,908,544,1144,1580
1579,444,519,1381,687,1230,246,1015,1432,1116,1130,11,1395,908,1432,1382,505,11,1395,1309,1108,1164,1580
1579,444,319,938,581,519,552,594,770,988,347,1255,519,1096,577,988,319,699,1433,1042,778,1580
1579,444,519,1379,552,519,1101,1392,1390,687,1230,1432,1116,1130,1453,1430,1389,569,908,1432,1381,1539,1432,1389,1385,1167,1580
1579,513,1281,1430,519,141,908,519,1379,948,1478,935,1130,519,661,1299,642,519,663,493,22,1432,411,1024,519,1169,484,648,1163,1327,23,701,343,1170,260,319,847,410,552,280,847,1552,486,687,1432,1116,1130,1170,908,1432,860,1382,1580
1579,513,1281,1430,319,1385,128,900,1440,573,1101,552,1433,837,667,573,1432,1277,459,1160,552,1436,1255,1432,860,577,1130,1101,1385,583,845,900,519,1379,1033,551,772,1379,908,1432,578,1406,1432,319,1385,908,1432,579,515,519,1195,908,1432,577,886,608,1408,952,1098,1008,1033,562,511,519,1029,1442,648,605,1329,1026,964,1137,1183,1160,1432,579,468,739,1429,952,1012,1580
1579,444,319,1103,947,519,552,594,1255,1433,1400,1327,1007,583,1432,1399,886,1432,1275,1116,1130,744,583,521,449,1432,1399,886,1051,744,1429,520,964,1255,519,1539,595,224,1137,1519,1456,687,1432,1116,1130,744,1130,519,1103,938,1065,948,1456,707,952,1456,519,1379,1537,497,552,1436,670,1432,988,1130,1432,1383,1580
1579,444,551,577,1130,946,988,347,833,1155,1532,948,972,1432,837,1141,976,774,908,1432,578,552,1304,538,1432,1148,777,1456,605,1430,1506,489,1432,659,579,1580
1579,410,1280,948,1478,1191,1130,635,1537,1331,908,618,489,1432,1379,1430,948,617,1432,837,552,976,566,1130,75,908,1432,860,1381,1141,1255,1432,780,1379,2,900,1437,573,1108,1478,1191,1130,636,1580
1579,444,1478,1386,1255,1472,900,773,1130,1432,1385,569,585,1432,1515,782,1130,1432,1148,1381,903,1491,649,735,240,1148,1545,1432,686,1309,1108,605,79,1295,474,1372,1257,1432,1020,1513,1130,519,1382,1580
1579,505,1172,1525,948,1472,900,952,948,519,1526,552,1432,1172,1500,948,1472,900,1521,573,1134,1501,512,1319,908,900,952,948,1108,519,1525,1141,1523,1134,1501,489,1472,900,1521,1319,909,1580
1579,467,552,1255,1432,860,1028,583,845,900,1432,966,46,886,519,1505,1304,1432,966,63,1456,887,1430,1505,552,1304,1432,966,46,1456,887,1432,1504,3,422,63,948,519,640,1415,1432,1504,552,1248,952,1537,1432,780,1382,1580
1579,444,519,1381,1255,519,1379,1022,1130,1432,667,585,927,272,358,393,264,1327,122,1558,120,1580
1579,444,551,577,1130,947,1255,1472,900,1432,1301,1130,1119,285,323,343,569,908,1432,577,1335,1580
1579,444,519,1381,1255,1472,900,1432,1116,1130,567,1130,117,563,908,1432,1379,948,794,1456,1432,1116,1130,567,1130,134,563,908,1432,1379,233,1296,1580
1579,444,519,1101,577,1130,947,1255,519,1096,577,699,1432,777,852,1432,1146,577,1430,682,609,1432,837,353,908,1432,1146,579,505,1146,577,1536,698,585,980,1137,359,473,1430,952,948,1502,908,962,1456,722,551,577,1130,988,274,1580
1579,444,519,1004,1130,1386,1255,519,1004,1130,1432,1386,1133,559,1379,1430,701,519,187,224,1432,1368,1039,1257,519,630,1580
1579,221,1511,1134,1432,1402,1216,512,887,551,577,1130,890,1249,1432,549,542,519,1517,1465,444,1358,927,945,1432,578,1255,1432,1399,1130,1432,660,847,519,1516,612,585,1432,1354,922,552,789,585,1432,782,925,895,918,908,888,716,763,443,811,1537,1432,889,1576,347,377,387,341,552,1360,787,1558,519,1399,1130,284,256,365,408,388,505,1354,782,782,922,1536,631,605,1502,927,945,1432,577,1537,1354,406,785,1580
1579,444,519,1004,1130,1386,1255,519,1004,1531,770,1379,886,178,532,585,956,784,1133,559,1253,1385,1430,698,184,583,519,1392,564,1580
1579,444,519,1381,1255,519,1379,988,280,852,956,854,1484,853,948,827,908,1532,649,1255,519,1379,988,280,852,956,598,505,1379,1536,605,1102,1580
1579,444,319,938,581,519,552,594,1255,519,1096,577,988,319,700,583,1059,583,1536,839,1432,777,852,519,843,642,1432,777,852,595,505,580,1036,605,559,989,912,271,641,1437,1536,605,319,1141,1051,777,586,617,1432,319,582,1580
1579,444,519,1381,1413,1432,976,661,552,1255,519,1096,1379,1537,1432,976,661,532,585,1432,853,552,597,1327,80,1558,155,505,1146,1379,1536,605,988,280,1141,1053,1580
1579,444,319,938,1509,1255,1472,900,1137,948,1091,552,1137,948,1198,441,900,1432,1172,132,948,1473,1436,1255,1472,1139,900,631,573,1092,1580
1579,444,519,1004,1130,1386,1255,519,1004,1130,1432,1386,1133,559,1379,988,353,1141,1053,1580
1579,444,519,1381,1413,1432,837,319,667,552,1255,1432,1379,1537,1432,319,667,532,585,631,1432,853,552,597,1327,121,1559,449,1432,1379,988,948,995,1429,323,1493,1529,667,573,1438,1580
1579,444,519,1101,1379,552,551,938,470,1255,1432,1379,1022,1362,1537,661,271,552,1436,803,475,661,1130,1432,1382,493,900,469,948,347,1493,661,271,347,377,264,552,1327,1135,469,948,280,1141,1053,1580
1579,444,519,1381,1255,519,1096,1379,1531,1432,976,343,667,573,1112,908,1490,651,449,1432,1379,886,995,1429,343,668,1492,1529,948,1438,473,1430,1373,1257,1432,1492,1513,1130,519,1382,1580
1579,444,519,1381,1010,847,519,1045,904,231,1379,585,631,1432,612,552,782,1130,1432,860,1382,451,1148,1545,1563,1141,1051,665,585,1432,1515,611,1130,1432,860,1381,552,585,1432,1515,782,1130,1432,1379,908,1258,1142,249,1166,443,811,1432,1379,52,886,1432,1045,782,49,1580
1579,489,1432,1399,1130,1432,1119,908,1432,578,1256,268,847,551,780,579,441,1432,1116,308,948,1515,1486,1327,952,758,1108,716,552,1119,1430,682,906,536,519,308,546,757,1108,718,1580
1579,444,519,1381,687,1230,246,1015,519,1096,1379,1531,538,567,1130,142,887,608,1247,642,13,1580
1579,444,519,1381,687,1230,246,1015,519,1096,1379,1531,538,1432,1020,207,667,887,608,659,1456,210,669,1580
1579,444,519,1028,1130,846,967,552,1433,1462,1509,1049,552,1255,1432,1028,583,845,900,1432,966,115,721,886,519,1505,1304,1430,583,1432,1504,847,1432,966,183,547,449,1432,966,152,886,519,1505,658,1430,1504,1456,137,1580
1579,506,948,1320,1051,739,1513,1130,1432,829,442,1213,1532,948,1332,860,583,519,837,1213,847,963,944,226,548,442,431,433,1432,1303,1130,1119,612,585,1354,552,1274,1489,1456,641,1108,912,784,1327,847,810,1359,552,788,861,1432,1303,285,323,347,359,489,519,1096,500,577,699,1432,1379,850,1130,1439,1120,812,847,1061,1130,347,1493,31,937,1130,1432,1117,847,1061,1130,365,1493,25,552,847,1061,1130,631,343,552,365,1493,33,451,455,498,1536,1024,1432,496,850,1130,551,938,1141,1148,1479,506,1513,948,519,1005,1051,685,1429,1432,1498,1513,1316,1560,887,1456,539,552,922,945,551,577,937,1130,964,1211,552,1521,1512,1432,1358,937,1130,964,550,759,288,1580
1579,444,1478,1386,1541,552,519,1300,1297,1255,519,619,1379,1022,1130,716,1127,1130,1432,1542,1299,642,1432,1300,1382,1580
1579,444,1445,947,519,592,644,1255,1472,900,1478,1141,1051,1130,1434,887,1432,1275,1262,742,505,946,573,1104,474,1432,192,131,1140,688,1432,1234,769,313,192,292,948,388,1580
1579,434,1432,1116,1130,166,908,1432,860,1382,513,1281,1430,1165,948,540,1327,172,701,319,168,1580
1579,444,519,1379,552,551,925,1255,519,1379,988,319,1362,585,1432,860,926,449,1432,922,948,1460,619,1141,1460,1321,1456,728,519,1379,988,323,1493,1432,837,319,669,505,1379,988,1536,605,585,980,324,1580
1579,444,519,1381,1255,1472,900,952,948,519,1095,1130,1563,1141,1051,1170,1130,1175,1000,5,1141,4,503,670,1432,837,552,976,668,552,1436,1227,1134,1528,932,1435,1580
1579,444,519,1381,1255,519,1513,1539,631,1432,837,552,976,661,1130,1432,1382,505,1379,1036,605,559,989,912,274,1580
1579,444,519,1381,687,1230,519,1096,1379,1531,538,1432,207,667,887,608,1241,1580
1579,444,551,577,1130,947,948,952,1199,1456,750,1432,946,945,1478,879,1327,1430,1432,1399,1130,1137,872,948,519,1060,1130,295,552,1432,1399,1130,1432,1148,872,948,1129,440,938,1064,605,908,1137,872,1141,1432,1150,516,519,1229,891,1039,1430,1414,1529,575,1560,1001,552,1024,1432,929,645,1456,1561,1229,891,852,1347,223,1014,1090,1580
1579,444,519,1101,1379,552,551,938,1070,1255,519,1096,1379,1531,1432,661,585,922,1065,886,608,1241,505,1504,1130,1065,1536,605,519,1502,922,1130,519,661,908,1432,1146,1379,238,1065,1536,605,908,1432,1224,278,914,1580
1579,505,1524,948,638,1537,445,1385,1000,19,1532,767,517,583,955,1428,451,1442,811,1432,114,1411,1025,407,552,405,1532,1405,1432,1541,45,444,1411,552,1541,1386,722,1432,445,1379,1537,1412,576,1432,1542,769,20,1580
1579,444,551,138,1379,988,357,1398,583,17,552,519,1542,1255,519,1096,1379,1531,1432,1541,948,908,1432,1042,1130,1432,1155,1381,769,18,474,1493,1371,960,1456,823,1432,496,1362,585,922,896,552,865,1489,1456,641,1108,912,922,961,1580
1579,515,1351,859,1458,847,519,1182,1440,1000,1456,887,677,410,1350,1181,948,1396,1530,1432,1116,1130,676,948,617,360,552,380,916,508,952,948,1432,1527,908,1532,649,1437,948,1098,1490,634,1134,1432,1116,1130,677,489,1472,900,1432,1181,1537,1432,860,1507,948,1397,1141,826,1153,1580
1579,489,1472,900,1432,860,1103,1116,948,280,1141,319,1051,1429,519,1060,1130,326,492,548,454,1456,465,1580
1579,444,551,577,1130,947,948,952,1199,1456,672,519,872,1130,1330,1130,1432,947,1398,1430,1432,872,1403,1456,1432,860,1417,1537,1439,533,697,538,1061,1130,365,908,1432,577,1064,605,911,908,1432,874,449,1432,1504,906,844,519,1060,1130,365,948,285,952,1064,1108,605,675,223,1014,1090,1580
1579,444,551,577,1130,947,948,952,1199,1456,672,519,872,1130,1330,1130,1432,947,1398,1430,1432,872,1403,1456,1432,860,1419,506,948,519,678,599,1228,1215,477,1560,1483,1432,1229,599,1377,908,1442,1214,1560,648,1493,1432,1275,1185,847,1027,1217,1456,1289,519,1338,1130,671,485,1429,1011,585,1432,1535,578,1154,706,948,1456,693,1432,1178,1130,1432,577,1362,585,922,1354,552,705,1456,1432,782,1130,1432,579,505,646,648,1344,1432,1535,577,1315,642,1184,1354,583,274,471,1014,573,1088,260,1432,1229,647,1221,765,1432,579,1580
1579,444,319,938,1509,1255,1533,1504,948,1086,1456,1432,1504,295,1141,1255,268,908,1432,802,1130,519,1450,473,1430,461,1257,1432,526,1504,1130,519,1118,1580
1579,444,551,938,577,988,323,1255,1472,900,952,758,1108,698,519,319,1141,348,1580
1579,459,1160,1432,860,577,1130,1385,1456,637,519,1251,1379,1000,1443,1530,519,1379,569,1432,340,363,381,797,1451,908,1432,578,570,1432,1379,1456,1432,1252,489,1432,780,1379,900,1098,1379,569,519,339,1452,1580
1579,444,519,1379,552,551,938,1070,1255,519,1379,1022,1130,1432,837,1065,665,1130,1432,1381,843,642,1432,837,1071,665,1130,1432,1381,552,1327,1135,518,1036,584,1430,1065,948,617,268,552,1432,988,1130,1432,1381,913,238,1065,409,268,552,1065,406,1370,1580
1579,444,519,1379,1130,798,989,1255,519,1379,1022,1130,1432,1042,1478,668,1327,1432,1379,154,1558,147,505,1379,988,1536,605,585,980,324,1580
1579,444,519,1379,552,519,1103,938,1070,1255,519,971,1379,1430,948,1065,710,1130,1432,1146,1382,1580
1579,489,551,577,1430,701,807,1432,1275,1119,583,1432,860,578,641,1226,1327,1430,803,343,948,906,843,642,519,359,437,1108,1055,1432,345,641,803,1148,1116,1036,1056,505,577,701,1432,1275,1116,1130,344,552,355,803,343,886,519,1116,536,952,1430,948,1108,519,347,552,519,343,569,908,1432,577,609,559,359,1580
1579,444,519,1101,578,1255,1472,900,1437,948,519,1192,1456,1345,1432,577,1327,1430,1432,1399,1130,1432,1119,1134,1137,1313,948,794,1456,1432,1399,1130,1432,1119,1134,1432,1148,1314,1580
1579,444,343,938,1509,519,592,644,1255,1433,1401,448,900,1137,1130,1432,1507,948,308,1436,952,758,1108,716,1464,1432,1399,552,1507,1456,956,1260,757,1108,718,493,847,811,900,592,948,309,1436,631,592,552,643,757,1108,718,1580
1579,444,551,577,1130,947,948,952,1199,1456,672,519,872,1130,1330,1130,1432,947,1398,1430,1432,872,1403,1456,1432,860,1417,1537,1442,533,696,449,519,1504,908,1432,577,948,673,1456,605,908,1432,873,1432,1504,906,844,952,908,1432,577,1064,1108,605,675,223,1014,1090,1580
1579,444,551,577,1130,947,687,1230,900,1432,577,701,519,379,513,1493,1432,706,1130,694,1139,1432,1178,1130,1432,577,1430,614,585,1432,860,926,451,1442,1520,519,1229,645,648,1183,924,1456,1055,765,1432,579,505,929,645,1536,1183,908,922,583,274,1580
1579,444,519,1004,1130,943,1255,519,1004,1531,770,941,948,1063,642,324,1580
1579,444,551,577,1130,1386,1255,519,1096,457,235,551,417,1531,538,1432,1385,1130,1432,860,988,573,1132,492,1547,615,1532,948,1051,739,606,952,1497,582,1580
1579,444,319,947,519,552,594,1255,1433,1401,448,1403,908,1432,1224,297,915,573,849,1327,908,1430,649,964,1255,326,1580
1579,444,519,1381,716,1432,1116,1130,1544,789,908,210,1141,211,260,1327,1432,210,908,106,552,1432,211,908,103,717,641,1108,1432,210,908,181,247,649,1296,513,1281,1430,519,1556,1141,1562,948,585,1432,782,1130,519,1541,900,1437,948,1108,551,543,997,906,844,954,224,428,1426,900,519,661,948,551,543,998,1580
1579,444,551,577,1130,947,1255,1472,900,1432,577,701,519,319,1097,1456,519,319,1141,519,353,1097,1456,519,357,641,1108,633,1580
1579,513,1281,1430,319,1385,128,900,1440,573,1101,552,1433,837,667,573,1432,1277,459,1160,552,1436,1255,1432,860,577,1130,1101,1385,583,845,900,519,1379,1033,551,772,1379,908,1432,578,1406,1432,319,1385,908,1432,579,410,1180,837,661,648,1139,656,280,1407,1327,1136,519,661,886,657,519,1407,956,978,1409,573,748,511,519,1029,1442,648,605,1329,1026,964,1137,1183,1160,1432,579,468,739,1429,952,1012,1580
1579,443,770,1060,1130,292,908,1432,860,578,658,538,1432,1507,844,952,1456,605,1430,1060,1130,295,1488,781,553,1060,1130,296,493,1574,295,347,357,325,372,1558,1574,295,295,295,325,328,1580
1579,444,551,577,1130,947,1255,1472,900,803,319,1430,569,908,1432,577,948,1097,1456,553,324,1580
1579,444,519,1379,1082,769,24,1255,519,871,1130,1432,850,35,423,1580
1579,444,519,1381,687,1230,519,1096,1379,1531,899,667,1430,573,534,908,1432,1146,1379,573,1299,852,770,1148,642,519,8,1580
1579,505,678,1543,537,860,551,577,1130,1386,1255,519,460,453,1537,519,966,847,770,736,1381,1537,1432,1504,1432,1116,1130,1453,1430,1379,569,908,1432,579,1580
1579,444,551,577,1130,1101,1386,722,552,1255,519,460,499,583,845,847,770,1379,531,956,837,664,583,519,966,1537,956,976,664,583,1432,1506,1580
1579,513,1281,1430,519,158,908,519,1379,948,519,661,568,1445,1453,908,519,1270,489,1432,1116,1130,1468,908,1432,860,1382,505,1468,1036,1164,1580
1579,444,519,1381,1255,519,1096,1379,1531,133,0,886,608,532,1456,1432,855,448,900,1432,1379,545,614,1537,135,1255,1432,1379,1481,474,1493,266,1456,684,319,1387,1580
1579,444,519,1381,687,519,1096,1379,642,1058,1432,837,661,1456,682,536,1432,1097,1478,668,1327,54,1558,69,488,1442,1218,847,770,1391,872,1130,343,668,1327,56,1558,70,450,559,872,1130,830,1429,343,667,585,1432,785,1580
1579,444,551,577,1130,1101,1386,1255,519,460,499,1537,519,966,847,803,736,837,664,1294,1537,1432,1504,1130,538,1432,1385,1362,1537,1430,664,571,1458,908,1432,1142,1440,565,908,1432,579,1580
1579,444,519,1381,1255,519,1096,1379,1022,1130,803,1148,661,1362,1537,1432,838,1327,36,1558,40,1580
1579,444,519,1004,1130,943,1255,519,1004,1531,770,941,948,1063,1537,959,1580
1579,467,552,1255,1432,860,1028,583,845,900,1432,967,46,552,63,573,631,908,1432,1028,552,887,794,1509,1237,1434,633,1580
1579,444,319,938,1509,1255,1472,900,773,1130,1434,948,908,1432,1224,298,916,1580
1579,444,319,1386,519,552,594,1255,519,1096,1379,1022,1130,1432,837,661,1130,519,552,1432,976,661,1130,594,1327,182,552,118,1558,179,449,773,1379,948,988,271,1493,198,847,956,1046,663,1580
1579,489,1472,900,1432,860,1379,701,519,74,1381,641,1531,1432,1042,205,661,648,605,559,663,1580
1579,491,1430,519,85,908,551,577,948,519,1303,1130,319,1141,1051,534,777,1130,1432,1275,1506,489,1432,1116,1130,679,908,1432,860,579,1580
1579,444,519,1103,938,1070,687,1230,246,1015,1432,716,1130,1432,1127,1130,391,583,519,741,812,1430,551,391,1537,553,391,906,1456,956,984,720,761,1327,395,1558,359,473,1430,1047,214,642,292,1558,1432,1262,740,218,192,292,948,376,1534,750,217,642,292,1242,1432,1262,740,218,267,292,948,306,1580
1579,444,343,938,1509,519,592,644,1255,1433,1401,448,900,559,1130,1432,1507,948,519,1420,260,908,1432,1224,310,913,260,1436,1430,1504,720,583,271,812,311,552,312,757,1108,716,583,519,1423,516,519,1298,891,145,938,841,1067,1570,1414,908,551,938,1504,552,1257,1430,1504,842,847,1432,1420,1272,451,1442,1520,1560,591,1244,1432,1420,680,343,1453,238,93,436,1432,891,615,552,585,1432,1275,921,999,583,1432,1023,1100,1580
1579,444,519,1381,687,1230,246,1015,1432,1116,1130,1020,207,667,908,1432,1382,1580
1579,513,1281,1430,519,496,948,1553,900,847,538,1432,207,667,908,1432,1381,1437,818,519,210,661,1333,978,908,1432,1382,493,173,948,601,641,175,948,1111,478,210,648,600,1060,209,489,1472,900,1432,860,1379,948,1554,1580
1579,518,887,519,870,1017,1448,1537,946,520,594,552,643,1134,954,449,1432,1119,573,538,736,852,770,1149,1432,1251,948,274,449,538,1130,1432,1119,573,1432,1276,1432,1251,948,326,449,1478,1130,1432,1119,573,1432,1276,1432,1251,948,296,1580
1579,444,319,938,581,519,552,594,1130,559,989,1255,519,1096,577,1537,1432,837,774,1130,770,579,449,773,577,948,988,271,902,1430,579,1580
1579,444,551,577,1130,947,687,1230,900,1432,577,701,1333,519,1504,843,908,1432,577,642,1430,1504,1453,296,513,1493,1432,706,1130,694,1139,1432,1178,1130,1432,577,1430,614,585,1432,860,926,451,1442,1520,519,1229,645,648,1183,924,1456,1055,765,1432,579,505,929,645,1536,1183,908,922,583,274,1580
1579,513,1281,1430,519,129,1291,908,551,577,948,519,872,1130,704,777,1398,1430,1333,908,1432,578,1432,1275,872,569,908,1258,1144,443,811,1432,974,1045,1291,908,1573,323,347,392,398,347,323,317,948,988,343,252,1573,323,352,1179,489,1432,1318,1130,1432,974,1045,1291,851,908,1432,860,579,1580
1579,444,519,1116,1070,1255,1472,900,1065,948,908,1432,1224,287,916,508,1159,948,1473,908,1532,649,1255,1472,900,1432,1116,948,995,1141,794,1456,285,1141,869,1141,794,1456,296,1580
1579,512,887,1466,1022,1130,628,505,1461,1269,886,280,625,1432,1097,1269,765,886,319,627,1432,1097,1269,886,343,627,552,1327,1135,432,1230,246,1014,1141,1062,1432,1463,1116,1130,626,908,1398,519,1466,1537,1432,860,1116,1130,1271,1580
1579,444,1478,1386,519,552,594,722,519,620,1379,1022,1130,1432,837,661,1130,520,1432,837,661,1130,594,1432,1290,661,1130,520,1432,1290,661,1130,594,552,1327,1135,416,987,667,863,585,1432,782,1130,1432,1252,1580
1579,444,519,1379,552,551,938,1070,1255,519,1379,1022,1130,1432,837,552,976,1065,667,852,1432,1382,505,1379,988,1536,605,585,980,1073,1580
1579,444,551,938,1070,1255,1432,1379,850,1130,1432,1116,843,642,1,493,1432,938,374,1558,14,441,900,1432,1116,948,754,642,343,1493,31,937,1130,1432,1117,552,900,1432,1116,948,754,642,365,1493,25,552,900,754,642,631,343,552,369,1493,33,474,1432,192,131,1140,688,1432,1233,536,756,1327,332,192,292,1558,348,514,1536,1432,1233,605,1530,1137,1116,752,799,945,554,226,548,442,429,552,454,1456,466,1580
1579,444,519,1004,1130,1386,1255,519,1004,1130,1432,1386,1133,559,1379,988,343,1141,359,1580
1579,444,551,577,1130,947,1255,1472,900,1432,577,701,1098,281,552,1098,346,1580
1579,513,1281,519,1116,948,1342,900,952,948,519,1060,1130,302,1141,900,952,948,1137,1051,1429,519,1060,1130,304,489,1472,900,1432,860,1103,1116,948,1343,509,1432,192,131,1140,260,1293,454,1456,465,1580
1579,444,551,577,1130,947,1255,1472,900,1137,1130,1432,837,353,777,908,1432,577,948,519,399,505,577,988,1036,605,995,1429,359,1580
1579,444,319,947,519,552,594,1255,1433,1401,448,156,1507,908,1432,1224,310,915,573,822,1021,493,900,773,1504,948,519,1421,964,1255,315,1580
1579,489,1432,1116,1130,1453,1430,1432,1379,109,569,563,908,1432,860,1382,1580
1579,444,551,577,1130,947,948,952,1199,1456,750,1432,946,945,1478,879,1327,1430,1432,1399,1130,1432,1478,877,948,1432,1276,1537,1439,697,538,1432,1507,1430,573,1060,1130,365,1064,605,908,1137,873,552,538,1432,1507,1430,573,519,1060,1130,343,229,1108,519,1060,1130,368,1064,605,908,1432,1150,223,1014,1090,1580
1579,443,1442,1214,1522,1264,551,938,1504,1489,1456,1432,1097,1060,1130,292,900,956,1262,740,948,365,1141,1052,1327,311,1268,1489,1456,326,415,1264,765,1456,1432,1210,1060,1130,292,900,956,1262,740,948,995,1429,369,1327,305,1268,765,1456,296,444,343,947,519,592,644,1255,1432,1399,1130,1433,1267,1510,507,591,680,1245,1551,519,1298,891,145,938,1265,1115,1568,552,645,952,343,1455,516,1432,891,793,615,552,585,1432,1275,921,999,583,1266,1580
1579,444,519,1379,552,519,1101,1541,1381,1255,519,1513,1130,1432,1146,496,1531,538,667,887,608,1247,642,1194,213,812,847,567,1130,1432,1541,1379,1532,573,1209,1481,1580
1579,444,1445,947,519,592,644,1255,1472,900,1137,1130,592,1141,643,948,84,234,852,519,642,585,1054,282,1534,1432,1148,948,102,737,852,631,1148,1507,642,319,1141,1053,474,462,688,1432,526,1504,1130,519,1118,1580
1579,513,1281,1430,519,1116,948,156,900,952,948,908,1432,1224,310,916,444,343,938,1509,1255,1472,900,280,1141,1051,1130,1434,573,1422,1580
1579,444,1478,1386,519,552,594,1255,1432,1251,1130,1222,1434,1458,908,1432,1142,525,769,38,552,27,1257,39,1580
1579,444,551,577,1130,947,948,952,1199,1456,672,519,872,1130,1330,1130,1432,947,612,585,1432,1354,925,1398,1430,1432,872,1403,1456,1432,860,1419,448,1537,1432,533,695,1430,538,375,1064,605,675,223,1014,1090,1580
1579,444,519,1381,1255,1472,900,952,790,908,127,1580
1579,444,551,577,1130,947,1255,1472,900,1432,1399,1130,538,1432,321,908,1432,577,948,807,394,1580
1579,518,887,519,1231,1017,1447,1311,946,520,594,552,644,770,1130,1532,948,271,285,1141,324,449,1440,573,538,1432,1504,323,1432,1251,948,296,482,900,1440,573,538,1432,1276,1432,1251,948,370,482,1327,1007,583,631,592,552,643,573,736,852,520,1432,1251,948,286,482,1432,1251,948,274,1580
1579,489,551,577,1430,948,123,1306,642,1137,260,1327,1577,323,369,352,1257,1574,369,347,383,518,1036,1049,552,1255,1432,860,578,1141,1255,519,1096,579,1580
1579,444,1445,947,519,592,644,1255,1472,900,1137,1130,1434,948,292,1141,1051,995,1429,1137,1130,1432,1151,1580
1579,444,519,1379,1130,559,989,1255,519,1096,1379,1531,1432,976,319,668,900,1207,573,1408,1327,88,1558,87,1580
1579,444,319,580,1130,947,519,552,594,1255,1472,900,1440,887,1432,1275,837,774,1141,1440,887,1432,1275,976,776,425,580,1536,605,988,280,1141,1053,1580
1579,444,519,1381,1255,1432,1009,1392,1430,569,585,631,1432,612,552,782,1130,1432,1379,1539,1167,443,811,1279,948,49,1580
1579,467,552,1255,1432,860,1028,583,845,900,807,1137,1130,1432,967,46,1141,63,886,519,1504,908,1432,1028,232,1108,632,1304,1432,1148,1456,887,1430,1275,1504,908,1432,1030,1580
1579,444,519,1379,552,519,1290,160,1381,1522,1281,1430,1432,1541,1033,1432,1379,900,952,569,585,1432,853,1130,1432,1381,812,956,837,661,758,1108,1087,1456,1031,808,476,519,1032,1255,1432,853,1130,1432,1381,1141,1152,1255,1432,780,1382,494,1327,1537,1432,1379,111,1432,1541,109,1257,109,552,165,1257,110,505,1541,1536,605,585,980,988,286,1580
1579,444,551,577,1130,947,1255,1472,900,803,774,948,519,280,1141,519,359,1580
1579,444,1478,1424,1255,1472,900,1137,948,995,1429,268,552,1432,1148,948,869,1429,301,1580
1579,444,519,1103,938,1070,1255,1432,1399,1130,956,744,1230,246,1016,473,1430,1047,214,642,292,1558,1432,1262,740,218,192,292,948,376,1534,750,217,642,292,1242,1432,1262,740,218,267,292,948,306,1580
1579,444,519,1381,1255,1432,1399,1130,1432,1119,568,908,1432,1381,903,538,1148,666,410,1116,948,519,1303,1130,280,1141,1051,740,667,908,519,1270,224,427,1426,900,519,661,948,1137,1130,1432,667,195,196,263,197,452,709,519,1379,1456,551,939,1580
1579,221,1511,1134,1432,1402,1216,512,887,551,577,1130,890,1249,1432,549,542,519,1517,1465,444,1358,927,945,1432,578,1255,1432,1116,1130,71,1365,847,519,1516,1362,585,1432,1354,922,552,789,585,1432,782,926,513,1281,1430,1364,948,619,900,952,948,365,1141,1051,1489,1141,766,505,1354,782,782,922,1536,631,605,1502,927,945,1432,577,1537,1354,406,785,1580
1579,444,519,1028,1130,846,967,552,1462,1509,1049,552,1255,1432,1028,583,845,900,1432,966,115,721,948,1207,1304,956,1504,1456,82,451,538,655,1304,1432,966,75,1456,887,1432,1504,76,1580
1579,444,551,577,1130,947,687,1230,1432,1116,1130,1453,1430,1432,1504,302,569,908,1432,579,513,1493,1432,706,1130,694,1139,1432,1178,1130,1432,577,1430,614,585,1432,860,926,451,1442,1520,519,1229,645,648,1183,924,1456,1055,765,1432,579,505,929,645,1536,1183,908,922,583,274,1580
1579,489,1432,81,587,1130,551,577,1130,947,1532,1522,1281,948,1432,1037,587,1130,1432,1509,812,903,1432,974,552,1324,1507,908,1432,579,449,1437,573,1060,710,1130,1432,1324,1505,902,964,1137,712,552,1002,847,1432,974,1506,509,938,755,1456,1219,1432,834,589,518,1036,584,1430,1432,577,948,988,343,1141,1053,1580
1579,513,1281,1430,519,1116,948,156,900,952,948,908,1432,1224,310,916,444,319,938,1509,1255,1472,900,1137,1141,1432,1148,948,1421,641,1108,633,1580
